{"cameraMode":{"drawMode":0,"name":"Shaded","section":"Shading Mode"},"sceneLighting":true,"audioPlay":false,"sceneViewState":{"showFog":true,"showMaterialUpdate":false,"showSkybox":true,"showFlares":true,"showImageEffects":true,"showParticleSystems":true},"in2DMode":false,"pivot":{"x":5.094021320343018,"y":-200.77423095703126,"z":33.8558349609375},"rotation":{"x":0.626297652721405,"y":0.008477549999952317,"z":-0.006705275271087885,"w":0.7795592546463013},"size":423.633056640625,"orthographic":false}