{"cameraMode":{"drawMode":0,"name":"Shaded","section":"Shading Mode"},"sceneLighting":false,"audioPlay":false,"sceneViewState":{"showFog":true,"showMaterialUpdate":false,"showSkybox":false,"showFlares":true,"showImageEffects":true,"showParticleSystems":true},"in2DMode":false,"pivot":{"x":-0.9319992065429688,"y":2.045635938644409,"z":1.1633185148239136},"rotation":{"x":-0.12740810215473176,"y":-0.8429214358329773,"z":0.22808223962783814,"w":-0.4704495966434479},"size":4.6673712730407719,"orthographic":false}