{"cameraMode":{"drawMode":0,"name":"Shaded","section":"Shading Mode"},"sceneLighting":false,"audioPlay":false,"sceneViewState":{"showFog":true,"showMaterialUpdate":false,"showSkybox":false,"showFlares":true,"showImageEffects":true,"showParticleSystems":true},"in2DMode":false,"pivot":{"x":0.6057965755462647,"y":-0.08494284003973007,"z":0.48220181465148928},"rotation":{"x":-0.13995850086212159,"y":-0.5070515275001526,"z":0.08371738344430924,"w":-0.8463994860649109},"size":2.7986135482788088,"orthographic":false}