{"cameraMode":{"drawMode":0,"name":"Shaded","section":"Shading Mode"},"sceneLighting":false,"audioPlay":false,"sceneViewState":{"showFog":true,"showMaterialUpdate":false,"showSkybox":false,"showFlares":true,"showImageEffects":true,"showParticleSystems":true},"in2DMode":false,"pivot":{"x":0.2507234811782837,"y":1.6089756488800049,"z":-1.183866024017334},"rotation":{"x":0.1651027351617813,"y":0.6663252115249634,"z":-0.15482191741466523,"w":0.7105158567428589},"size":9.556233406066895,"orthographic":false}