{"cameraMode":{"drawMode":0,"name":"Shaded","section":"Shading Mode"},"sceneLighting":true,"audioPlay":false,"sceneViewState":{"showFog":true,"showMaterialUpdate":false,"showSkybox":true,"showFlares":true,"showImageEffects":true,"showParticleSystems":true},"in2DMode":false,"pivot":{"x":557.316162109375,"y":251.60546875,"z":46.75},"rotation":{"x":0.01980939880013466,"y":0.0006265788106247783,"z":0.000058417364925844595,"w":0.9998536705970764},"size":642.577880859375,"orthographic":true}